
-----------------------------------------------------------------------------------------------
--------------------------------abril2018------------------------------------------------------------
-----------------------------------------------------------------------------------------------
Correcting  PARQUE CENTRAL to  IBEROSTAR PARQUE CENTRAL
Correcting  CASA PARTICULAR TRINIDAD - HOSTAL LOLA to  CASA PARTICULAR TRINIDAD - CASA LOLA
Correcting  CASA PARTICULAR HAVANA - VITRALES to  CASA PARTICULAR HAVANA - CASA VITRALES
Correcting  SEVILLA to  MERCURE SEVILLA
Correcting  PARQUE CENTRAL to  IBEROSTAR PARQUE CENTRAL
Correcting  CASA PARTICULAR TRINIDAD - BRISAS DE ALAMEDA to  CASA PARTICULAR TRINIDAD - CASA BRISAS ALAMEDA
Correcting  CUBA REPRESENTATIVE SERVICE FEE to  CUBA REPRESENTATION SERVICE FEE
Correcting  PARQUE CENTRAL to  IBEROSTAR PARQUE CENTRAL
Correcting  PRINCESA DEL MAR to  PARADISUS PRINCESA DEL MAR
Correcting  CUBA REPRESENTATIVE SERVICE FEE to  CUBA REPRESENTATION SERVICE FEE
Correcting  CUBA REPRESENTATIVE SERVICE FEE to  CUBA REPRESENTATION SERVICE FEE
Correcting  PARQUE CENTRAL to  IBEROSTAR PARQUE CENTRAL
Correcting  CUBA REPRESENTATIVE SERVICE FEE to  CUBA REPRESENTATION SERVICE FEE
Correcting  SEVILLA to  MERCURE SEVILLA
Correcting  SEVILLA to  MERCURE SEVILLA
Correcting  PARQUE CENTRAL to  IBEROSTAR PARQUE CENTRAL
Correcting  PARQUE CENTRAL to  IBEROSTAR PARQUE CENTRAL
Correcting  CASA PARTICULAR CIENFUEGOS - VILLA MARIA to  CASA PARTICULAR CIENFUEGOS - CASA VILLA MARIA
Correcting  PARQUE CENTRAL to  IBEROSTAR PARQUE CENTRAL
Correcting  PARQUE CENTRAL to  IBEROSTAR PARQUE CENTRAL
Correcting  CASA PARTICULAR TRINIDAD - OSMARY ALBERTO to  CASA PARTICULAR TRINIDAD - CASA OSMARY ALBERTO
Correcting  PARQUE CENTRAL to  IBEROSTAR PARQUE CENTRAL
Correcting  PRINCESA DEL MAR to  PARADISUS PRINCESA DEL MAR
Correcting  PARQUE CENTRAL to  IBEROSTAR PARQUE CENTRAL
Correcting  PARQUE CENTRAL to  IBEROSTAR PARQUE CENTRAL
Correcting  PARQUE CENTRAL to  IBEROSTAR PARQUE CENTRAL
Correcting  COSTA SUR to  CLUB AMIGO COSTA SUR
Correcting  CASA PARTICULAR HAVANA - VITRALES to  CASA PARTICULAR HAVANA - CASA VITRALES
Correcting  PARQUE CENTRAL to  IBEROSTAR PARQUE CENTRAL
Correcting  PRINCESA DEL MAR to  PARADISUS PRINCESA DEL MAR
Correcting  PARQUE CENTRAL to  IBEROSTAR PARQUE CENTRAL
Correcting  PARQUE CENTRAL to  IBEROSTAR PARQUE CENTRAL
Correcting  PARQUE CENTRAL to  IBEROSTAR PARQUE CENTRAL
Correcting  NACIONAL to  HOTEL NACIONAL DE CUBA
Correcting  NACIONAL to  HOTEL NACIONAL DE CUBA
Correcting  NACIONAL to  HOTEL NACIONAL DE CUBA
Correcting  NACIONAL to  HOTEL NACIONAL DE CUBA
Correcting  PRINCESA DEL MAR to  PARADISUS PRINCESA DEL MAR
Correcting  SEVILLA to  MERCURE SEVILLA
Correcting  COSTA SUR to  CLUB AMIGO COSTA SUR
-----------------------------------------------------------------------------------------------
--------------------------------nov------------------------------------------------------------
-----------------------------------------------------------------------------------------------
Correcting CASA PARTICULAR TRINIDAD - CASA LOLA
Correcting CASA PARTICULAR HAVANA - CASA VITRALES
Correcting  SEVILLA to  MERCURE SEVILLA
Correcting  PARQUE CENTRAL to  IBEROSTAR PARQUE CENTRAL
Correcting  PARQUE CENTRAL to  IBEROSTAR PARQUE CENTRAL
Correcting  CUBA REPRESENTATIVE SERVICE FEE to  CUBA REPRESENTATION SERVICE FEE
Correcting  CUBA REPRESENTATIVE SERVICE FEE to  CUBA REPRESENTATION SERVICE FEE
Correcting  CUBA REPRESENTATIVE SERVICE FEE to  CUBA REPRESENTATION SERVICE FEE
Correcting  CUBA REPRESENTATIVE SERVICE FEE to  CUBA REPRESENTATION SERVICE FEE
Correcting  PARQUE CENTRAL to  IBEROSTAR PARQUE CENTRAL
Correcting  PARQUE CENTRAL to  IBEROSTAR PARQUE CENTRAL
Correcting  CUBA REPRESENTATIVE SERVICE FEE to  CUBA REPRESENTATION SERVICE FEE
Correcting  PARQUE CENTRAL to  IBEROSTAR PARQUE CENTRAL
Correcting  CUBA REPRESENTATIVE SERVICE FEE to  CUBA REPRESENTATION SERVICE FEE
CASA PARTICULAR HAVANA - CASA YANET
CASA PARTICULAR TRINIDAD - CASA DEBORAH Y JOSE
CASA PARTICULAR VINALES - VILLA HAYDEE CHIROLES
CASA PARTICULAR HAVANA - HOSTAL SUENO CUBANO
Correcting  CUBA REPRESENTATIVE SERVICE FEE to  CUBA REPRESENTATION SERVICE FEE
Correcting  CASA PARTICULAR HAVANA - VITRALES to  CASA PARTICULAR HAVANA - CASA VITRALES
Correcting  SEVILLA to  MERCURE SEVILLA
Correcting  CUBA REPRESENTATIVE SERVICE FEE to  CUBA REPRESENTATION SERVICE FEE
Correcting  PARQUE CENTRAL to  IBEROSTAR PARQUE CENTRAL
Correcting  PARQUE CENTRAL to  IBEROSTAR PARQUE CENTRAL
Correcting  CUBA REPRESENTATIVE SERVICE FEE to  CUBA REPRESENTATION SERVICE FEE
Correcting  CASA PARTICULAR HAVANA - SUPERIOR - HOSTAL HABANA 101 to  CASA PARTICULAR HAVANA - CASA HOSTAL HABANA 101
Correcting  CASA PARTICULAR TRINIDAD - SUPERIOR - CASA MARIA Y ENDDY to  CASA PARTICULAR TRINIDAD - CASA MARIA Y ENDDY
Correcting  CUBA REPRESENTATIVE SERVICE FEE to  CUBA REPRESENTATION SERVICE FEE
Correcting  CASA PARTICULAR HAVANA - CASA VIEJA to  CASA PARTICULAR HAVANA - HOSTAL CASA VIEJA
Correcting  VILLA YAGANABO to  VILLA YAGUANABO
Correcting  CASA PARTICULAR HAVANA - CASA VIEJA to  CASA PARTICULAR HAVANA - HOSTAL CASA VIEJA
Correcting  CUBA REPRESENTATIVE SERVICE FEE to  CUBA REPRESENTATION SERVICE FEE
Correcting  CUBA REPRESENTATIVE SERVICE FEE to  CUBA REPRESENTATION SERVICE FEE
Correcting  PARQUE CENTRAL to  IBEROSTAR PARQUE CENTRAL
Correcting  PARQUE CENTRAL to  IBEROSTAR PARQUE CENTRAL
Correcting  PRINCESA DEL MAR to  PARADISUS PRINCESA DEL MAR
Correcting  PARQUE CENTRAL to  IBEROSTAR PARQUE CENTR
-----------------------------------------------------------------------------------------------
--------------------------------dic------------------------------------------------------------
-----------------------------------------------------------------------------------------------
Correcting  CUBA REPRESENTATIVE SERVICE FEE to  CUBA REPRESENTATION SERVICE FEE
Correcting  CUBA REPRESENTATIVE SERVICE FEE to  CUBA REPRESENTATION SERVICE FEE
Correcting  CASA PARTICULAR HAVANA - DELUXE - SUENO CUBANO to  CASA PARTICULAR HAVANA - HOSTAL SUENO CUBANO
Correcting  CUBA REPRESENTATIVE SERVICE FEE to  CUBA REPRESENTATION SERVICE FEE
Correcting  PARQUE CENTRAL to  IBEROSTAR PARQUE CENTRAL
Correcting  CUBA REPRESENTATIVE SERVICE FEE to  CUBA REPRESENTATION SERVICE FEE
Correcting  CUBA REPRESENTATIVE SERVICE FEE to  CUBA REPRESENTATION SERVICE FEE
Correcting  CUBA REPRESENTATIVE SERVICE FEE to  CUBA REPRESENTATION SERVICE FEE
Correcting  PARQUE CENTRAL to  IBEROSTAR PARQUE CENTRAL
Correcting  CUBA REPRESENTATIVE SERVICE FEE to  CUBA REPRESENTATION SERVICE FEE
Correcting  CUBA REPRESENTATIVE SERVICE FEE to  CUBA REPRESENTATION SERVICE FEE
Correcting  CUBA REPRESENTATIVE SERVICE FEE to  CUBA REPRESENTATION SERVICE FEE
Correcting  PARQUE CENTRAL to  IBEROSTAR PARQUE CENTRAL
Correcting  PRINCESA DEL MAR to  PARADISUS PRINCESA DEL MAR
Correcting  CUBA REPRESENTATIVE SERVICE FEE to  CUBA REPRESENTATION SERVICE FEE
Correcting  CUBA REPRESENTATIVE SERVICE FEE to  CUBA REPRESENTATION SERVICE FEE
Correcting  PARQUE CENTRAL to  IBEROSTAR PARQUE CENTRAL
Correcting  CUBA REPRESENTATIVE SERVICE FEE to  CUBA REPRESENTATION SERVICE FEE
Correcting  PARQUE CENTRAL to  IBEROSTAR PARQUE CENTRAL
Correcting  CUBA REPRESENTATIVE SERVICE FEE to  CUBA REPRESENTATION SERVICE FEE
Correcting  CUBA REPRESENTATIVE SERVICE FEE to  CUBA REPRESENTATION SERVICE FEE
Correcting  PARQUE CENTRAL to  IBEROSTAR PARQUE CENTRAL
Correcting  CUBA REPRESENTATIVE SERVICE FEE to  CUBA REPRESENTATION SERVICE FEE
Correcting  CUBA REPRESENTATIVE SERVICE FEE to  CUBA REPRESENTATION SERVICE FEE
Correcting  CUBA REPRESENTATIVE SERVICE FEE to  CUBA REPRESENTATION SERVICE FEE
Correcting  CUBA REPRESENTATIVE SERVICE FEE to  CUBA REPRESENTATION SERVICE FEE
Correcting  PARQUE CENTRAL to  IBEROSTAR PARQUE CENTRAL
Correcting  CUBA REPRESENTATIVE SERVICE FEE to  CUBA REPRESENTATION SERVICE FEE
Correcting  CUBA REPRESENTATIVE SERVICE FEE to  CUBA REPRESENTATION SERVICE FEE
-----------------------------------------------------------------------------------------------
--------------------------------enero2018------------------------------------------------------------
-----------------------------------------------------------------------------------------------
Correcting  PARQUE CENTRAL to  IBEROSTAR PARQUE CENTRAL
Correcting  CUBA REPRESENTATIVE SERVICE FEE to  CUBA REPRESENTATION SERVICE FEE
Correcting  PRINCESA DEL MAR to  PARADISUS PRINCESA DEL MAR
Correcting  CUBA REPRESENTATIVE SERVICE FEE to  CUBA REPRESENTATION SERVICE FEE
Correcting  SEVILLA to  MERCURE SEVILLA
Correcting  CUBA REPRESENTATIVE SERVICE FEE to  CUBA REPRESENTATION SERVICE FEE
Correcting  CUBA REPRESENTATIVE SERVICE FEE to  CUBA REPRESENTATION SERVICE FEE
Product Created   -  Flight  -  JET BLUE 503 MCO-HAV (ECONOMY)
Product Created   -  Flight  -  JET BLUE 1004 HAV-MCO (ECONOMY)
Product Created   -  Activity  -  HAVANA QUEENS
Product Created   -  Hotel  -  CASA PARTICULAR HAVANA - CASA ALDO Y JENNY
Product Created   -  Hotel  -  CASA PARTICULAR VINALES - CASA VILLA CAMPANA
Product Created   -  Hotel  -  CASA PARTICULAR HAVANA - CASA PLAZA VIEJA 1910
Product Created   -  Transfer  -  EXC TRF C.LEVISA HTL - SOROA HTL
Product Created   -  Hotel  -  CASA PARTICULAR SANTA CLARA - PERGOLA
Product Created   -  Package  -  PRIVATE BEST OF CUBA TOUR GROUND SERVICES AND TRANSPORT
Product Created   -  Hotel  -  GRAN
Product Created   -  Flight  -  VIRGIN ATLANTIC VS0093 LGW-CUN (ECONOMY)
Product Created   -  Flight  -  INTERJET 4902 CUN-HAV
Product Created   -  Transfer  -  EXC TRF CUN APT - PDC HTL
Product Created   -  Transfer  -  PRIVATE TOUR OF VINALES VALLEY
Product Created   -  Hotel  -  CASA PARTICULAR VINALES - LEYANIS Y JESUS
Product Created   -  Flight  -  IBERIA IB3169/IB6621 LHR-MAD-HAV  (ECONOMY)
Product Created   -  Flight  -  CAYMAN AIRWAYS KX833 HAV-GCM (ECONOMY)
Product Created   -  Flight  -  BRITISH AIRWAYS BA252 BCA-LHR (ECONOMY)
Product Created   -  Hotel  -  CASA PARTICULAR HAVANA - CASA VLADIMIR COLONIAL
Product Created   -  Hotel  -  MARIA LA GORDA
Product Created   -  Activity  -  SHARED HEMINGWAY TOUR WITH LUNCH
Product Created   -  Activity  -  SHARED HEMINGWAY TOUR WITH LUNCH
Correcting  CUBA REPRESENTATIVE SERVICE FEE to  CUBA REPRESENTATION SERVICE FEE
Correcting  PARQUE CENTRAL to  IBEROSTAR PARQUE CENTRAL
Correcting  CUBA REPRESENTATIVE SERVICE FEE to  CUBA REPRESENTATION SERVICE FEE
Correcting  PARQUE CENTRAL to  IBEROSTAR PARQUE CENTRAL
Correcting  PRINCESA DEL MAR to  PARADISUS PRINCESA DEL MAR
Correcting  Direct Customer Eur to  DESTINATION CUBA
Product Created   -  Transfer  -  24 SEATER BUS
Product Created   -  Hotel  -  CASA PARTICULAR HAVANA - SUPERIOR - BUENAS AIRIES
Product Created   -  Hotel  -  SOL RIO LUNA Y MARES
Product Created   -  Transfer  -  EXC TRF P.LARGA  HTL - TRI HTL
Product Created   -  Hotel  -  CASA PARTICULAR HAVANA - SUPERIOR -
Product Created   -  Hotel  -  CASA PARTICULAR SANTA CLARA -  AUTENTICA LA PERGOLA

-----------------------------------------------------------------------------------------------
--------------------------------febrero2018------------------------------------------------------------
-----------------------------------------------------------------------------------------------
Correcting  SEVILLA to  MERCURE SEVILLA
Correcting  NACIONAL to  HOTEL NACIONAL DE CUBA
Correcting  SEVILLA to  MERCURE SEVILLA
Correcting  CUBA REPRESENTATIVE SERVICE FEE to  CUBA REPRESENTATION SERVICE FEE
Correcting  PARQUE CENTRAL to  IBEROSTAR PARQUE CENTRAL
Correcting  CUBA REPRESENTATIVE SERVICE FEE to  CUBA REPRESENTATION SERVICE FEE
Correcting  PARQUE CENTRAL to  IBEROSTAR PARQUE CENTRAL
Correcting  PARQUE CENTRAL to  IBEROSTAR PARQUE CENTRAL
Correcting  PARQUE CENTRAL to  IBEROSTAR PARQUE CENTRAL
Correcting  PARQUE CENTRAL to  IBEROSTAR PARQUE CENTRAL
Correcting  PARQUE CENTRAL to  IBEROSTAR PARQUE CENTRAL
Correcting  PARQUE CENTRAL to  IBEROSTAR PARQUE CENTRAL
Correcting  PARQUE CENTRAL to  IBEROSTAR PARQUE CENTRAL
Correcting  PARQUE CENTRAL to  IBEROSTAR PARQUE CENTRAL
Correcting  PARQUE CENTRAL to  IBEROSTAR PARQUE CENTRAL
Correcting  CUBA REPRESENTATIVE SERVICE FEE to  CUBA REPRESENTATION SERVICE FEE
Correcting  PARQUE CENTRAL to  IBEROSTAR PARQUE CENTRAL
Correcting  CASA PARTICULAR CIENFUEGOS - VILLA MARIA to  CASA PARTICULAR CIENFUEGOS - CASA VILLA MARIA
Correcting  SEVILLA to  MERCURE SEVILLA
Correcting  SEVILLA to  MERCURE SEVILLA
Correcting  SEVILLA to  MERCURE SEVILLA
Correcting  CUBA REPRESENTATIVE SERVICE FEE to  CUBA REPRESENTATION SERVICE FEE
Correcting  SEVILLA to  MERCURE SEVILLA
Correcting  PARQUE CENTRAL to  IBEROSTAR PARQUE CENTRAL
Correcting  PARQUE CENTRAL to  IBEROSTAR PARQUE CENTRAL
Correcting  NACIONAL to  HOTEL NACIONAL DE CUBA
Correcting  CUBA REPRESENTATIVE SERVICE FEE to  CUBA REPRESENTATION SERVICE FEE
Correcting  CUBA REPRESENTATIVE SERVICE FEE to  CUBA REPRESENTATION SERVICE FEE
Correcting  PARQUE CENTRAL to  IBEROSTAR PARQUE CENTRAL
Correcting  CUBA REPRESENTATIVE SERVICE FEE to  CUBA REPRESENTATION SERVICE FEE
Correcting  SEVILLA to  MERCURE SEVILLA

-----------------------------------------------------------------------------------------------
--------------------------------marzo2018------------------------------------------------------------
-----------------------------------------------------------------------------------------------
Correcting  SEVILLA to  MERCURE SEVILLA
Correcting  SEVILLA to  MERCURE SEVILLA
Correcting  SEVILLA to  MERCURE SEVILLA
Correcting  SEVILLA to  MERCURE SEVILLA
Correcting  SEVILLA to  MERCURE SEVILLA
Correcting  SEVILLA to  MERCURE SEVILLA
Correcting  NACIONAL to  HOTEL NACIONAL DE CUBA
Correcting  PARQUE CENTRAL to  IBEROSTAR PARQUE CENTRAL
Correcting  PARQUE CENTRAL to  IBEROSTAR PARQUE CENTRAL
Correcting  CUBA REPRESENTATIVE SERVICE FEE to  CUBA REPRESENTATION SERVICE FEE
Correcting  Direct Customer Eur to  DESTINATION CUBA
Correcting  CUBA REPRESENTATIVE SERVICE FEE to  CUBA REPRESENTATION SERVICE FEE
Correcting  CUBA REPRESENTATIVE SERVICE FEE to  CUBA REPRESENTATION SERVICE FEE
Correcting  CASA PARTICULAR TRINIDAD - HOSTAL LOLA to  CASA PARTICULAR TRINIDAD - CASA LOLA
Correcting  SEVILLA to  MERCURE SEVILLA
Correcting  SEVILLA to  MERCURE SEVILLA
Correcting  SEVILLA to  MERCURE SEVILLA
Correcting  SEVILLA to  MERCURE SEVILLA
Correcting  PRINCESA DEL MAR to  PARADISUS PRINCESA DEL MAR
Correcting  SEVILLA to  MERCURE SEVILLA
Correcting  SEVILLA to  MERCURE SEVILLA
Correcting  CASA PARTICULAR HAVANA - VITRALES to  CASA PARTICULAR HAVANA - CASA VITRALES
Correcting  CASA PARTICULAR HAVANA - VITRALES to  CASA PARTICULAR HAVANA - CASA VITRALES
Correcting  CASA PARTICULAR HAVANA - VITRALES to  CASA PARTICULAR HAVANA - CASA VITRALES
Correcting  CASA PARTICULAR HAVANA - VITRALES to  CASA PARTICULAR HAVANA - CASA VITRALES
Correcting  CASA PARTICULAR HAVANA - SUPERIOR - HOSTAL HABANA 101 to  CASA PARTICULAR HAVANA - CASA HOSTAL HABANA 101
Correcting  CASA PARTICULAR CIENFUEGOS - VILLA MARIA to  CASA PARTICULAR CIENFUEGOS - CASA VILLA MARIA
Correcting  CASA PARTICULAR HAVANA - SUPERIOR - HOSTAL HABANA 101 to  CASA PARTICULAR HAVANA - CASA HOSTAL HABANA 101
Correcting  SEVILLA to  MERCURE SEVILLA
Correcting  SEVILLA to  MERCURE SEVILLA
Correcting  PARQUE CENTRAL to  IBEROSTAR PARQUE CENTRAL
Correcting  PRINCESA DEL MAR to  PARADISUS PRINCESA DEL MAR
Correcting  PARQUE CENTRAL to  IBEROSTAR PARQUE CENTRAL
